{
  "description": "项目配置文件。",
  "packOptions": {
    "ignore": [],
    "include": []
  },
  "setting": {
    "urlCheck": false,
    "es6": false,
    "postcss": true,
    "minified": true,
    "newFeature": true,
    "bigPackageSizeSupport": true,
    "babelSetting": {
      "ignore": [],
      "disablePlugins": [],
      "outputPath": ""
    }
  },
  "compileType": "miniprogram",
  "libVersion": "latest",
  "appid": "wxd8394f4ba3e8387a",
  "projectname": "年报通",
  "condition": {},
  "editorSetting": {
    "tabIndent": "auto",
    "tabSize": 2
  }
}