{
	"pages": [ //pages数组中第一项表示应用启动页，参考：https://uniapp.dcloud.io/collocation/pages
		{
			"path": "pages/index/index",
			"style": {
				"navigationBarTitleText": "",
				"enablePullDownRefresh": false
			}

		}, {
			"path": "pages/web/web",
			"style": {
				"navigationBarTitleText": "",
				"enablePullDownRefresh": false
			}

		}, {
			"path": "pages/login/login",
			"style": {
				"navigationBarTitleText": "",
				"enablePullDownRefresh": false
			}

		}, {
			"path": "pages/order/order",
			"style": {
				"navigationBarTitleText": "",
				"enablePullDownRefresh": false
			}

		}, {
			"path": "pages/paySuccess/paySuccess",
			"style": {
				"navigationBarTitleText": "",
				"enablePullDownRefresh": false
			}

		}, {
			"path": "pages/detail/detail",
			"style": {
				"navigationBarTitleText": "",
				"enablePullDownRefresh": false
			}

		},{
			"path": "pages/newDetail/newDetail",
			"style": {
				"navigationBarTitleText": "",
				"enablePullDownRefresh": false
			}

		}, {
			"path": "pages/sort/sort",
			"style": {
				"navigationBarTitleText": "分类",
				"enablePullDownRefresh": false
			}

		},
		{
			"path" : "pages/form/form",
			"style" : 
			{
				"navigationBarTitleText" : "",
				"enablePullDownRefresh" : false
			}
		}

	],
	// "tabBar": {
	// 	"color": "#CBCBCB",
	// 	"selectedColor": "#5699FC",
	// 	"borderStyle": "black",
	// 	"backgroundColor": "#ffffff",
	// 	"fontSize":"14px",
	// 	"list": [{
	// 		"pagePath": "pages/index/index",
	// 		"iconPath": "/static/img/index.jpg",
	// 		"selectedIconPath": "/static/img/index1.jpg",
	// 		"text": "首页"
	// 	}, {
	// 		"pagePath": "pages/sort/sort",
	// 		"iconPath": "/static/img/sort.jpg",
	// 		"selectedIconPath": "/static/img/sort1.jpg",
	// 		"text": "商城"
	// 	}]
	// },
	"globalStyle": {
		"navigationBarTextStyle": "black",
		"navigationBarTitleText": "",
		"navigationBarBackgroundColor": "#F8F8F8",
		"backgroundColor": "#F8F8F8"
	},
	"uniIdRouter": {}
}