{
    "compileType": "miniprogram",
    "setting": {
        "coverView": true,
        "es6": true,
        "postcss": true,
        "minified": true,
        "enhance": true,
        "showShadowRootInWxmlPanel": true,
        "packNpmRelationList": [],
        "babelSetting": {
            "ignore": [],
            "disablePlugins": [],
            "outputPath": ""
        },
        "ignoreUploadUnusedFiles": true
    },
    "condition": {},
    "editorSetting": {
        "tabIndent": "auto",
        "tabSize": 4
    },
    "libVersion": "3.2.0",
    "packOptions": {
        "ignore": [],
        "include": []
    },
    "appid": "wx8d0eb4507931762c"
}